Business Name,Phone,Category
Paul & Jimmy's Restaurant,(212) 475-9540,RestaurantsItalian RestaurantsBars
Punch,(212) 673-6333,RestaurantsAmerican RestaurantsBars
Restaurant,(917) 388-3920,RestaurantsFamily Style RestaurantsMexican Restaurants
Da Marino Restaurant,(212) 541-6601,RestaurantsItalian RestaurantsFamily Style Restaurants
Bobby Van's Steakhouse - 54th Street,(212) 207-8050,RestaurantsSteak HousesAmerican Restaurants
Johnny Rock,(212) 813-0003,RestaurantsAmerican RestaurantsHamburgers & Hot Dogs
S'mac,(212) 358-7912,RestaurantsAmerican RestaurantsVegetarian Restaurants
Vitae,(212) 682-3562,RestaurantsAmerican Restaurants
Taqueria y Fonda,(212) 531-0383,RestaurantsLatin American RestaurantsAmerican Restaurants
Sparks Steak House,(212) 687-4855,RestaurantsSteak HousesBars
Babbo Ristorante e Enoteca,(212) 777-0303,RestaurantsItalian RestaurantsFamily Style Restaurants
Red House Restaurant of N Y,(212) 228-8288,RestaurantsChinese RestaurantsAsian Restaurants
El Presidente Restaurant,(212) 927-7011,RestaurantsLatin American RestaurantsSandwich Shops
Restaurant,(646) 767-0444,RestaurantsVietnamese RestaurantsFamily Style Restaurants
Gramercy Kitchen,(917) 265-8884,RestaurantsAmerican RestaurantsCoffee Shops
Restaurant,(929) 324-3032,RestaurantsFamily Style Restaurants
Carbone Ristorante Italiano,(212) 290-2625,RestaurantsPizzaItalian Restaurants
Planet Hollywood,(212) 333-7827,RestaurantsBar & Grills
Old Homestead Steakhouse,(212) 242-9040,RestaurantsSteak HousesAmerican Restaurants
Il Piccolo Bufalo,(212) 219-9068,RestaurantsItalian RestaurantsFamily Style Restaurants
Sofia's,(212) 219-9799,RestaurantsItalian Restaurants
Casa Mono,(212) 253-2773,RestaurantsTapasSpanish Restaurants
Noi Due Carne,(212) 712-2222,RestaurantsItalian RestaurantsSteak Houses
Frankie's Spuntino,(212) 253-2303,RestaurantsItalian RestaurantsSandwich Shops
Pinto Restaurant,(212) 366-5455,RestaurantsAmerican RestaurantsFamily Style Restaurants
Esca Restaurant,(212) 564-7272,RestaurantsAmerican RestaurantsFamily Style Restaurants
Georgio's Country Grill,(212) 977-1150,RestaurantsAmerican RestaurantsHamburgers & Hot Dogs
Mughlai Indian Cuisine,(212) 724-6363,RestaurantsIndian RestaurantsAsian Restaurants
Nello,(212) 980-9099,RestaurantsItalian RestaurantsFamily Style Restaurants
T.G.I. Fridays,(212) 681-8458,RestaurantsAmerican RestaurantsBars
Fiamma,(212) 653-0100,RestaurantsItalian RestaurantsAmerican Restaurants
Cipriani Club 55,(212) 699-4096,RestaurantsItalian RestaurantsFamily Style Restaurants
Harry's,(212) 785-9200,RestaurantsBarsAmerican Restaurants
Mermaid Oyster Bar,(646) 516-9642,RestaurantsSeafood RestaurantsBars
Lavagna Restaurant,(212) 979-1005,RestaurantsMediterranean RestaurantsItalian Restaurants
Il Cantinori,(212) 673-6044,RestaurantsItalian RestaurantsAmerican Restaurants
Indian Road Cafe & Market,(212) 942-7451,RestaurantsAmerican Restaurants
Prima,(646) 559-4823,RestaurantsAmerican RestaurantsFamily Style Restaurants
Knife & Fork Restaurant & Wine Bar,(212) 228-4885,RestaurantsFamily Style Restaurants
Whitmans,(917) 261-2858,RestaurantsAmerican RestaurantsContinental Restaurants
Sauce Pizzeria,(646) 983-4007,RestaurantsPizzaItalian Restaurants
Wildwood Barbeque,(212) 533-2500,RestaurantsBarbecue RestaurantsAmerican Restaurants
Dublin House,(212) 874-9528,RestaurantsIrish RestaurantsBars
Casa Nonna - Midtown,(212) 736-3000,RestaurantsItalian Restaurants
Madison Restaurant,(212) 421-0948,RestaurantsAmerican RestaurantsCoffee Shops
Juniors,(212) 302-2000,RestaurantsDessert RestaurantsIce Cream & Frozen Desserts
Sotto Cinque Inc,(212) 472-5563,RestaurantsMediterranean RestaurantsFamily Style Restaurants
Ben Benson's Steak House,(212) 581-8888,RestaurantsSteak Houses
Rosati's Pizza,(917) 475-1047,RestaurantsPizzaBeverages-Distributors & Bottlers
Duke's,(212) 949-5400,RestaurantsAmerican RestaurantsBarbecue Restaurants
Triomphe,(212) 453-4233,RestaurantsAmerican RestaurantsFrench Restaurants
Rafele,(212) 242-1999,RestaurantsItalian Restaurants
T.G.I. Fridays,(646) 556-6381,RestaurantsAmerican RestaurantsTake Out Restaurants
Moonstruck East Restaurant,(212) 213-1100,RestaurantsAmerican RestaurantsFamily Style Restaurants
Cosi,(212) 588-1230,RestaurantsSandwich ShopsCoffee & Tea
Indian Tanpura,(212) 721-8700,RestaurantsIndian RestaurantsAmerican Restaurants
21 Club,(212) 582-7200,RestaurantsAmerican RestaurantsClubs
Kambi Ramen House,(212) 228-1366,RestaurantsAsian Restaurants
ReSette Italian Restaurant,(212) 221-7530,RestaurantsItalian RestaurantsMediterranean Restaurants
Meson Sevilla,(212) 262-5890,RestaurantsTapasFamily Style Restaurants
The Counter,(646) 669-8216,RestaurantsHamburgers & Hot DogsAmerican Restaurants
The View Restaurant & Lounge,(212) 704-8900,RestaurantsAmerican Restaurants
Il Corso,(212) 957-1500,RestaurantsItalian RestaurantsAmerican Restaurants
Blue Hill,(212) 539-1776,RestaurantsAmerican Restaurants
Avra Estatorio,(212) 759-8550,RestaurantsMediterranean RestaurantsFamily Style Restaurants
Azalea Ristorante,(212) 262-0105,RestaurantsItalian Restaurants
Bubby's,(212) 219-0666,RestaurantsBarbecue RestaurantsAmerican Restaurants
Adrienne's Pizzabar,(212) 248-3838,RestaurantsDelivery ServicePizza
Union Square Cafe,(212) 243-4020,RestaurantsAmerican RestaurantsTake Out Restaurants
The Sea Fire Grill,(212) 935-3785,RestaurantsSeafood RestaurantsBars
Obao,(212) 245-8880,RestaurantsThai RestaurantsVietnamese Restaurants
Café Habana,(803) 715-4808,RestaurantsCuban RestaurantsLatin American Restaurants
Nobu Downtown,(212) 219-0500,RestaurantsJapanese RestaurantsAmerican Restaurants
Blue Smoke,(212) 889-2005,RestaurantsBarbecue RestaurantsBars
Black Tap,(917) 639-3089,RestaurantsHamburgers & Hot DogsAmerican Restaurants
Jack's Wife Freda,(212) 510-8550,RestaurantsMediterranean RestaurantsAmerican Restaurants
Mighty Quinn's Barbeque,(212) 677-3733,RestaurantsBarbecue RestaurantsCaterers
Cafe Mocha,(212) 253-5803,RestaurantsCoffee ShopsItalian Restaurants
Boucherie,(212) 837-1616,RestaurantsFrench RestaurantsSteak Houses
Ribalta,(212) 777-7781,RestaurantsPizzaItalian Restaurants
Abc Cocina,(212) 475-5829,RestaurantsAmerican RestaurantsLatin American Restaurants
Craft New York,(212) 780-0880,RestaurantsAmerican RestaurantsSteak Houses
Cull & Pistol,(646) 568-1223,RestaurantsSeafood RestaurantsAmerican Restaurants
Penelope,(212) 481-3800,RestaurantsAmerican RestaurantsCoffee Shops
Friedman's,(212) 971-9400,RestaurantsAmerican RestaurantsHealth Food Restaurants
Black Iron Burger,(646) 476-3116,RestaurantsAmerican RestaurantsSports Bars
John's Pizzeria of Times Square,(212) 391-7560,RestaurantsPizzaItalian Restaurants
West Side Steakhouse,(212) 564-4803,RestaurantsSteak HousesPizza
Bareburger,(212) 673-2273,RestaurantsAmerican Restaurants
Rainbow Room,(212) 632-5000,RestaurantsAmerican RestaurantsBars
